-0.24040402589548351,k__Bacteria; p__Bacteroidetes; c__Bacteroidia; o__Bacteroidales; f__Prevotellaceae; g__Prevotella
-0.22811411974338774,k__Bacteria; p__Firmicutes; c__Clostridia; o__Clostridiales; f__Veillonellaceae; g__Dialister
-0.20517213063228493,k__Bacteria; p__Firmicutes; c__Clostridia; o__Clostridiales; f__Ruminococcaceae; g__
-0.1946601476176486,k__Bacteria; p__Firmicutes; c__Clostridia; o__Clostridiales; f__; g__
-0.18585329559855657,k__Bacteria; p__Bacteroidetes; c__Bacteroidia; o__Bacteroidales; f__[Barnesiellaceae]; g__
-0.17115028008434546,k__Bacteria; p__Firmicutes; c__Clostridia; o__Clostridiales; f__Christensenellaceae; g__
-0.1680556169003269,k__Bacteria; p__Firmicutes; c__Clostridia; o__Clostridiales; f__Lachnospiraceae; g__Lachnospira
-0.15671450147469926,k__Bacteria; p__Firmicutes; c__Clostridia; o__Clostridiales
-0.14810957286297427,k__Bacteria; p__Bacteroidetes; c__Bacteroidia; o__Bacteroidales; f__Rikenellaceae; g__
-0.13470285576642846,k__Bacteria; p__Tenericutes; c__Mollicutes; o__RF39; f__; g__
-0.13021716466499214,k__Bacteria; p__Bacteroidetes; c__Bacteroidia; o__Bacteroidales; f__Porphyromonadaceae; g__Parabacteroides
0.11982683427109055,k__Bacteria; p__Firmicutes; c__Clostridia; o__Clostridiales; f__Veillonellaceae; g__Megasphaera
0.13306503257333985,k__Bacteria; p__Bacteroidetes; c__Bacteroidia; o__Bacteroidales; f__S24-7; g__
0.13543426721978039,k__Bacteria; p__Firmicutes; c__Clostridia
0.13875328974531795,k__Bacteria; p__Firmicutes; c__Erysipelotrichi; o__Erysipelotrichales; f__Erysipelotrichaceae; g__[Eubacterium]
0.14359795579318466,k__Bacteria; p__Firmicutes; c__Bacilli; o__Turicibacterales; f__Turicibacteraceae; g__Turicibacter
0.15597212134242863,k__Bacteria; p__Proteobacteria; c__Deltaproteobacteria; o__Desulfovibrionales; f__Desulfovibrionaceae; g__Desulfovibrio
0.15968402200378165,k__Bacteria; p__Bacteroidetes; c__Bacteroidia; o__Bacteroidales; f__[Paraprevotellaceae]; g__Paraprevotella
0.1744857556282611,k__Bacteria; p__Firmicutes; c__Erysipelotrichi; o__Erysipelotrichales; f__Erysipelotrichaceae
0.17593013121132892,k__Bacteria; p__Firmicutes; c__Erysipelotrichi; o__Erysipelotrichales; f__Erysipelotrichaceae; g__Catenibacterium
0.17982899799061447,k__Bacteria; p__Firmicutes; c__Clostridia; o__Clostridiales; f__Clostridiaceae; g__Sarcina
0.18106048148739645,k__Bacteria; p__Bacteroidetes; c__Bacteroidia; o__Bacteroidales; f__Rikenellaceae; g__Alistipes
0.18327864751054754,k__Bacteria; p__Actinobacteria; c__Actinobacteria; o__Bifidobacteriales; f__Bifidobacteriaceae; g__Bifidobacterium
0.18874802968046595,k__Bacteria; p__Firmicutes; c__Clostridia; o__Clostridiales; f__Veillonellaceae; g__Megamonas
0.18945152086020664,k__Bacteria; p__Actinobacteria; c__Actinobacteria; o__Actinomycetales; f__Micrococcaceae; g__Rothia
0.19654725896798053,k__Bacteria; p__Firmicutes; c__Bacilli; o__Gemellales; f__Gemellaceae
0.19692268693278897,k__Bacteria; p__Firmicutes; c__Clostridia; o__Clostridiales; f__Eubacteriaceae; g__Pseudoramibacter_Eubacterium
0.19816414195586068,k__Bacteria; p__Firmicutes; c__Clostridia; o__Clostridiales; f__Veillonellaceae; g__Acidaminococcus
0.20280189883321542,k__Bacteria; p__Firmicutes; c__Bacilli; o__Lactobacillales; f__Streptococcaceae; g__Streptococcus
0.21164813838115196,k__Bacteria; p__Proteobacteria; c__Gammaproteobacteria; o__Enterobacteriales; f__Enterobacteriaceae
0.21996289557784565,k__Bacteria; p__Bacteroidetes; c__Bacteroidia; o__Bacteroidales; f__Porphyromonadaceae; g__Porphyromonas
0.22041410714245607,k__Bacteria; p__Firmicutes; c__Clostridia; o__Clostridiales; f__Ruminococcaceae; g__Anaerofilum
0.22486838793607974,k__Bacteria; p__Actinobacteria; c__Coriobacteriia; o__Coriobacteriales; f__Coriobacteriaceae; g__Eggerthella
0.23284162035735012,k__Bacteria; p__Firmicutes; c__Clostridia; o__Clostridiales; f__Lachnospiraceae; g__Dorea
0.2545371686822363,k__Bacteria; p__Proteobacteria; c__Deltaproteobacteria; o__Desulfovibrionales; f__Desulfovibrionaceae; g__
0.2603635314933272,k__Bacteria; p__Firmicutes; c__Clostridia; o__Clostridiales; f__Lachnospiraceae; g__Coprococcus
0.2638450898973874,k__Bacteria; p__Tenericutes; c__RF3; o__ML615J-28; f__; g__
0.2662532134963579,k__Bacteria; p__Firmicutes; c__Clostridia; o__Clostridiales; f__Lachnospiraceae; g__Clostridium
0.26649951019571433,k__Bacteria; p__Bacteroidetes; c__Bacteroidia; o__Bacteroidales
0.27118911900977566,k__Bacteria; p__Firmicutes; c__Erysipelotrichi; o__Erysipelotrichales; f__Erysipelotrichaceae; g__
0.2754464621591771,k__Bacteria; p__Firmicutes; c__Bacilli; o__Lactobacillales; f__Carnobacteriaceae; g__Granulicatella
0.28266335431137124,k__Bacteria; p__Firmicutes; c__Clostridia; o__Clostridiales; f__Lachnospiraceae; g__Shuttleworthia
0.28469654852184784,k__Bacteria; p__Firmicutes; c__Bacilli; o__Lactobacillales; f__Enterococcaceae; g__Enterococcus
0.2958043302322957,k__Bacteria; p__Firmicutes; c__Clostridia; o__Clostridiales; f__Dehalobacteriaceae; g__
0.303815454453467,k__Bacteria; p__Firmicutes; c__Clostridia; o__Clostridiales; f__Lachnospiraceae; g__[Ruminococcus]
0.30493924546631995,k__Bacteria; p__Firmicutes; c__Clostridia; o__Clostridiales; f__Peptococcaceae; g__
0.3049706557741326,k__Bacteria; p__Proteobacteria; c__Gammaproteobacteria; o__Pasteurellales; f__Pasteurellaceae; g__Aggregatibacter
0.30970114784598185,k__Bacteria; p__Firmicutes; c__Clostridia; o__Clostridiales; f__Lachnospiraceae; g__Blautia
0.31802188795844943,k__Bacteria; p__Cyanobacteria; c__4C0d-2; o__YS2; f__; g__
0.31906042242152505,k__Bacteria; p__Firmicutes; c__Erysipelotrichi; o__Erysipelotrichales; f__Erysipelotrichaceae; g__cc_115
0.31964724674367584,k__Bacteria; p__Proteobacteria; c__Betaproteobacteria; o__Neisseriales; f__Neisseriaceae; g__Neisseria
0.3213917652680646,k__Archaea; p__Euryarchaeota; c__Methanobacteria; o__Methanobacteriales; f__Methanobacteriaceae; g__Methanosphaera
0.3291780315714025,k__Bacteria; p__Bacteroidetes; c__Bacteroidia; o__Bacteroidales; f__[Paraprevotellaceae]; g__[Prevotella]
0.3304189880181598,k__Bacteria; p__Firmicutes; c__Clostridia; o__Clostridiales; f__Veillonellaceae; g__Mitsuokella
0.3320667827375381,k__Bacteria; p__Firmicutes; c__Clostridia; o__Clostridiales; f__Ruminococcaceae; g__Anaerotruncus
0.3328819550117238,k__Bacteria; p__Firmicutes; c__Bacilli; o__Lactobacillales; f__Leuconostocaceae; g__
0.33337853702095244,k__Bacteria; p__Actinobacteria; c__Actinobacteria; o__Actinomycetales; f__Actinomycetaceae; g__
0.3338372272302802,k__Bacteria; p__Synergistetes; c__Synergistia; o__Synergistales; f__Synergistaceae; g__Cloacibacillus
0.3404643036024366,k__Bacteria; p__Firmicutes; c__Clostridia; o__Clostridiales; f__Eubacteriaceae; g__Anaerofustis
0.3408497030935348,k__Bacteria; p__Fusobacteria; c__Fusobacteriia; o__Fusobacteriales; f__Fusobacteriaceae; g__Fusobacterium
0.3426051902968423,k__Bacteria; p__Firmicutes; c__Erysipelotrichi; o__Erysipelotrichales; f__Erysipelotrichaceae; g__Holdemania
0.35142999106325584,k__Bacteria; p__Actinobacteria; c__Actinobacteria; o__Actinomycetales; f__Actinomycetaceae; g__Varibaculum
0.3555332741314809,k__Bacteria; p__Synergistetes; c__Synergistia; o__Synergistales; f__Dethiosulfovibrionaceae; g__Pyramidobacter
0.35589972772262857,k__Bacteria; p__Actinobacteria; c__Coriobacteriia; o__Coriobacteriales; f__Coriobacteriaceae
0.3568998718094888,k__Bacteria; p__Firmicutes; c__Clostridia; o__Clostridiales; f__Clostridiaceae
0.3574014395818623,k__Bacteria; p__Firmicutes; c__Clostridia; o__SHA-98; f__; g__
0.35845343560542914,k__Bacteria; p__Bacteroidetes; c__Bacteroidia; o__Bacteroidales; f__[Paraprevotellaceae]; g__
0.3586688205732874,k__Bacteria; p__Bacteroidetes; c__Bacteroidia; o__Bacteroidales; f__Prevotellaceae; g__
0.35917786699037824,k__Bacteria; p__Firmicutes; c__Clostridia; o__Clostridiales; f__[Mogibacteriaceae]; g__Mogibacterium
0.36420700627460495,k__Bacteria; p__Bacteroidetes; c__Bacteroidia; o__Bacteroidales; f__; g__
0.3656967523022911,k__Bacteria; p__Proteobacteria; c__Gammaproteobacteria; o__Pasteurellales; f__Pasteurellaceae; g__Actinobacillus
0.36910601714075075,k__Bacteria; p__Firmicutes; c__Erysipelotrichi; o__Erysipelotrichales; f__Erysipelotrichaceae; g__Bulleidia
0.3692860031902804,k__Bacteria; p__Firmicutes; c__Bacilli; o__Lactobacillales; f__Streptococcaceae; g__Lactococcus
0.3701196227881021,k__Bacteria; p__Proteobacteria; c__Alphaproteobacteria; o__RF32; f__; g__
0.3763538210244431,k__Bacteria; p__Synergistetes; c__Synergistia; o__Synergistales; f__Synergistaceae; g__
0.3775673557739035,k__Bacteria; p__Proteobacteria; c__Gammaproteobacteria; o__Aeromonadales; f__Succinivibrionaceae; g__Succinivibrio
0.3809367345072043,k__Bacteria; p__Actinobacteria; c__Coriobacteriia; o__Coriobacteriales; f__Coriobacteriaceae; g__Atopobium
0.38157989795289204,k__Bacteria; p__Fusobacteria; c__Fusobacteriia; o__Fusobacteriales; f__Fusobacteriaceae; g__Cetobacterium
0.3838917963231666,k__Bacteria; p__Actinobacteria; c__Actinobacteria; o__Actinomycetales; f__Actinomycetaceae; g__Mobiluncus
0.38497619980717507,k__Bacteria; p__Fusobacteria; c__Fusobacteriia; o__Fusobacteriales; f__Leptotrichiaceae; g__
0.3855281237873117,k__Bacteria; p__Firmicutes; c__Clostridia; o__Clostridiales; f__EtOH8; g__
0.38634379463781193,k__Bacteria; p__Synergistetes; c__Synergistia; o__Synergistales; f__Synergistaceae; g__Synergistes
0.3881232135042147,k__Bacteria; p__Proteobacteria; c__Betaproteobacteria; o__Burkholderiales
0.389344725474707,k__Bacteria; p__Proteobacteria; c__Betaproteobacteria; o__Burkholderiales; f__Oxalobacteraceae
0.3897291278131762,k__Bacteria; p__Firmicutes; c__Clostridia; o__Clostridiales; f__Veillonellaceae; g__Selenomonas
0.39105883084391213,k__Bacteria; p__Firmicutes; c__Clostridia; o__Clostridiales; f__Lachnospiraceae; g__Epulopiscium
0.3911979336356538,k__Bacteria; p__Spirochaetes; c__Spirochaetes; o__Spirochaetales; f__Spirochaetaceae; g__Treponema
0.3914432331823813,k__Bacteria; p__Verrucomicrobia; c__Opitutae; o__[Cerasicoccales]; f__[Cerasicoccaceae]; g__
0.39174985761579056,k__Bacteria; p__Firmicutes; c__Clostridia; o__Clostridiales; f__Peptococcaceae; g__rc4-4
0.39279537214726906,k__Bacteria; p__Proteobacteria; c__Alphaproteobacteria; o__Caulobacterales; f__Caulobacteraceae
0.39328995985123977,k__Bacteria; p__Firmicutes; c__Clostridia; o__Clostridiales; f__Lachnospiraceae; g__Pseudobutyrivibrio
0.39328995985123977,k__Bacteria; p__Synergistetes; c__Synergistia; o__Synergistales; f__Dethiosulfovibrionaceae; g__TG5
0.393414105353547,k__Bacteria; p__Firmicutes; c__Clostridia; o__Clostridiales; f__[Tissierellaceae]; g__Parvimonas
0.3935417408900555,k__Bacteria; p__Proteobacteria; c__Gammaproteobacteria; o__Enterobacteriales; f__Enterobacteriaceae; g__Citrobacter
0.39487642968393627,k__Bacteria; p__Bacteroidetes; c__Bacteroidia; o__Bacteroidales; f__Rikenellaceae; g__Rikenella
0.39497714209946255,k__Bacteria; p__Proteobacteria; c__Alphaproteobacteria; o__Rhodospirillales; f__Acetobacteraceae; g__Acetobacter
0.39530271243282233,k__Bacteria; p__Firmicutes; c__Bacilli; o__Gemellales; f__Gemellaceae; g__
0.39562728561355315,k__Bacteria; p__Proteobacteria; c__Alphaproteobacteria; o__Rhizobiales; f__Bradyrhizobiaceae; g__Bradyrhizobium
0.3959169584522699,k__Bacteria; p__Firmicutes; c__Clostridia; o__Clostridiales; f__Ruminococcaceae; g__Butyricicoccus
0.3959169584522699,k__Bacteria; p__Proteobacteria; c__Betaproteobacteria; o__Neisseriales; f__Neisseriaceae; g__Kingella
0.39639758601943503,k__Bacteria; p__Actinobacteria; c__Actinobacteria; o__Bifidobacteriales; f__Bifidobacteriaceae; g__Scardovia
0.39803540921252367,k__Bacteria; p__Deferribacteres; c__Deferribacteres; o__Deferribacterales; f__Deferribacteraceae; g__Mucispirillum
0.399086906659776,k__Bacteria; p__Firmicutes; c__Clostridia; o__Clostridiales; f__[Tissierellaceae]; g__WAL_1855D
0.3993247275617861,k__Bacteria; p__Proteobacteria; c__Betaproteobacteria; o__Burkholderiales; f__Comamonadaceae; g__Comamonas
0.39932572471441513,k__Bacteria; p__Bacteroidetes
0.39953213530861253,k__Bacteria; p__Firmicutes; c__Clostridia; o__Clostridiales; f__[Tissierellaceae]; g__1-68
0.4000152557573501,k__Bacteria; p__Firmicutes; c__Clostridia; o__Clostridiales; f__Veillonellaceae; g__Succiniclasticum
0.4002690311014238,k__Bacteria; p__Proteobacteria; c__Gammaproteobacteria; o__Enterobacteriales; f__Enterobacteriaceae; g__Enterobacter
0.4018265835078801,k__Bacteria; p__Firmicutes; c__Bacilli; o__Lactobacillales; f__Leuconostocaceae; g__Leuconostoc
0.4031757310148809,k__Bacteria; p__Bacteroidetes; c__[Saprospirae]; o__[Saprospirales]; f__Chitinophagaceae; g__
0.4037231678081873,k__Bacteria; p__Bacteroidetes; c__Bacteroidia; o__Bacteroidales; f__Rikenellaceae; g__AF12
0.4041828551701439,k__Bacteria; p__Actinobacteria; c__Actinobacteria; o__Actinomycetales; f__Microbacteriaceae; g__Leucobacter
0.4041828551701439,k__Bacteria; p__Proteobacteria; c__Alphaproteobacteria; o__Rhodobacterales; f__Rhodobacteraceae; g__Paracoccus
0.40422822561476224,k__Bacteria; p__Firmicutes; c__Clostridia; o__Clostridiales; f__[Tissierellaceae]; g__Anaerococcus
0.40457473615333045,k__Bacteria; p__Fusobacteria; c__Fusobacteriia; o__Fusobacteriales; f__Leptotrichiaceae; g__Leptotrichia
0.4046914030109203,k__Bacteria; p__Proteobacteria; c__Alphaproteobacteria; o__Rhodobacterales; f__Rhodobacteraceae
0.4046933973161783,k__Bacteria; p__Bacteroidetes; c__Bacteroidia; o__Bacteroidales; f__Rikenellaceae
0.4046933973161783,k__Bacteria; p__Bacteroidetes; c__Bacteroidia; o__Bacteroidales; f__[Paraprevotellaceae]; g__YRC22
0.4046933973161783,k__Bacteria; p__Proteobacteria; c__Deltaproteobacteria; o__Bdellovibrionales; f__Bdellovibrionaceae; g__Bdellovibrio
0.4047507335923442,k__Bacteria; p__Firmicutes; c__Clostridia; o__Clostridiales; f__[Mogibacteriaceae]; g__Anaerovorax
0.4047507335923442,k__Bacteria; p__Proteobacteria; c__Gammaproteobacteria; o__Pseudomonadales; f__Moraxellaceae; g__Acinetobacter
0.40475372505023116,k__Bacteria; p__Proteobacteria; c__Betaproteobacteria; o__Neisseriales; f__Neisseriaceae; g__
0.4048120584790261,k__Bacteria; p__Actinobacteria; c__Actinobacteria; o__Bifidobacteriales; f__Bifidobacteriaceae; g__Alloscardovia
0.4048120584790261,k__Bacteria; p__Firmicutes; c__Clostridia; o__Clostridiales; f__Veillonellaceae; g__
0.4048120584790261,k__Bacteria; p__Verrucomicrobia; c__Opitutae; o__HA64; f__; g__
0.4049347082523898,k__Bacteria; p__Firmicutes; c__Clostridia; o__Clostridiales; f__Veillonellaceae; g__Schwartzia
0.4049347082523898,k__Bacteria; p__Firmicutes; c__Clostridia; o__Clostridiales; f__[Tissierellaceae]; g__Gallicola
0.4049347082523898,k__Bacteria; p__Firmicutes; c__Erysipelotrichi; o__Erysipelotrichales; f__Erysipelotrichaceae; g__Allobaculum
0.4049347082523898,k__Bacteria; p__Firmicutes; c__Erysipelotrichi; o__Erysipelotrichales; f__Erysipelotrichaceae; g__RFN20
0.4049347082523898,k__Bacteria; p__Proteobacteria; c__Alphaproteobacteria; o__Rhizobiales; f__Methylobacteriaceae; g__
0.4049347082523898,k__Bacteria; p__Proteobacteria; c__Epsilonproteobacteria; o__Campylobacterales; f__Helicobacteraceae
0.4049347082523898,k__Bacteria; p__Proteobacteria; c__Epsilonproteobacteria; o__Campylobacterales; f__Helicobacteraceae; g__Helicobacter
0.40508577687567926,k__Bacteria; p__TM7; c__TM7-3; o__; f__; g__
0.4055469599665794,k__Bacteria; p__Proteobacteria; c__Gammaproteobacteria; o__Cardiobacteriales; f__Cardiobacteriaceae; g__Cardiobacterium
0.4064094969906413,k__Bacteria; p__Proteobacteria; c__Betaproteobacteria; o__Neisseriales; f__Neisseriaceae; g__Eikenella
0.4079615650576382,k__Bacteria; p__Firmicutes; c__Clostridia; o__Clostridiales; f__[Tissierellaceae]; g__ph2
0.40819440019650344,k__Bacteria; p__Firmicutes; c__Bacilli; o__Bacillales; f__Bacillaceae; g__Bacillus
0.40922595459117633,k__Bacteria; p__Firmicutes; c__Erysipelotrichi; o__Erysipelotrichales; f__Erysipelotrichaceae; g__Coprobacillus
0.40949169576679767,k__Bacteria; p__Proteobacteria; c__Betaproteobacteria; o__Burkholderiales; f__Burkholderiaceae; g__Burkholderia
0.4095255989561828,k__Bacteria; p__Firmicutes; c__Bacilli; o__Gemellales; f__Gemellaceae; g__Gemella
0.4095255989561828,k__Bacteria; p__Proteobacteria; c__Gammaproteobacteria; o__Enterobacteriales; f__Enterobacteriaceae; g__Shigella
0.409668191782126,k__Bacteria; p__Bacteroidetes; c__[Saprospirae]; o__[Saprospirales]; f__Chitinophagaceae; g__Sediminibacterium
0.4096881348347054,k__Bacteria; p__Proteobacteria; c__Gammaproteobacteria; o__Enterobacteriales; f__Enterobacteriaceae; g__Serratia
0.4096951149031083,k__Bacteria; p__Acidobacteria; c__Acidobacteria-6; o__iii1-15; f__mb2424; g__
0.40979283586074766,k__Archaea
0.40979283586074766,k__Bacteria; p__Actinobacteria; c__Actinobacteria; o__Actinomycetales; f__Dermabacteraceae; g__Dermabacter
0.40979283586074766,k__Bacteria; p__Actinobacteria; c__Actinobacteria; o__Actinomycetales; f__Intrasporangiaceae
0.40979283586074766,k__Bacteria; p__Actinobacteria; c__Actinobacteria; o__Actinomycetales; f__Microbacteriaceae
0.40979283586074766,k__Bacteria; p__Actinobacteria; c__Actinobacteria; o__Actinomycetales; f__Micrococcaceae
0.40979283586074766,k__Bacteria; p__Actinobacteria; c__Actinobacteria; o__Actinomycetales; f__Pseudonocardiaceae
0.40979283586074766,k__Bacteria; p__Actinobacteria; c__Actinobacteria; o__Bifidobacteriales; f__Bifidobacteriaceae
0.40979283586074766,k__Bacteria; p__Actinobacteria; c__Thermoleophilia; o__Solirubrobacterales; f__Conexibacteraceae; g__
0.40979283586074766,k__Bacteria; p__Bacteroidetes; c__Bacteroidia; o__Bacteroidales; f__Porphyromonadaceae
0.40979283586074766,k__Bacteria; p__Bacteroidetes; c__Bacteroidia; o__Bacteroidales; f__Porphyromonadaceae; g__Dysgonomonas
0.40979283586074766,k__Bacteria; p__Bacteroidetes; c__Bacteroidia; o__Bacteroidales; f__Porphyromonadaceae; g__Paludibacter
0.40979283586074766,k__Bacteria; p__Bacteroidetes; c__Bacteroidia; o__Bacteroidales; f__[Paraprevotellaceae]; g__CF231
0.40979283586074766,k__Bacteria; p__Bacteroidetes; c__Cytophagia; o__Cytophagales; f__Cytophagaceae; g__Leadbetterella
0.40979283586074766,k__Bacteria; p__Bacteroidetes; c__Flavobacteriia; o__Flavobacteriales; f__Flavobacteriaceae; g__Capnocytophaga
0.40979283586074766,k__Bacteria; p__Bacteroidetes; c__Flavobacteriia; o__Flavobacteriales; f__Flavobacteriaceae; g__Flavobacterium
0.40979283586074766,k__Bacteria; p__Bacteroidetes; c__Flavobacteriia; o__Flavobacteriales; f__[Weeksellaceae]; g__Chryseobacterium
0.40979283586074766,k__Bacteria; p__Bacteroidetes; c__Flavobacteriia; o__Flavobacteriales; f__[Weeksellaceae]; g__Wautersiella
0.40979283586074766,k__Bacteria; p__Bacteroidetes; c__Sphingobacteriia; o__Sphingobacteriales; f__Sphingobacteriaceae; g__Pedobacter
0.40979283586074766,k__Bacteria; p__Bacteroidetes; c__Sphingobacteriia; o__Sphingobacteriales; f__Sphingobacteriaceae; g__Sphingobacterium
0.40979283586074766,k__Bacteria; p__Chloroflexi; c__Anaerolineae; o__GCA004; f__; g__
0.40979283586074766,k__Bacteria; p__Chloroflexi; c__Thermomicrobia; o__AKYG1722; f__; g__
0.40979283586074766,k__Bacteria; p__Cyanobacteria; c__ML635J-21; o__; f__; g__
0.40979283586074766,k__Bacteria; p__Cyanobacteria; c__Oscillatoriophycideae; o__Oscillatoriales; f__Phormidiaceae; g__Phormidium
0.40979283586074766,k__Bacteria; p__Firmicutes; c__Bacilli
0.40979283586074766,k__Bacteria; p__Firmicutes; c__Bacilli; o__Bacillales
0.40979283586074766,k__Bacteria; p__Firmicutes; c__Bacilli; o__Bacillales; f__Bacillaceae; g__Geobacillus
0.40979283586074766,k__Bacteria; p__Firmicutes; c__Bacilli; o__Bacillales; f__Paenibacillaceae; g__Paenibacillus
0.40979283586074766,k__Bacteria; p__Firmicutes; c__Bacilli; o__Lactobacillales; f__Aerococcaceae; g__Alloiococcus
0.40979283586074766,k__Bacteria; p__Firmicutes; c__Bacilli; o__Lactobacillales; f__Aerococcaceae; g__Facklamia
0.40979283586074766,k__Bacteria; p__Firmicutes; c__Bacilli; o__Lactobacillales; f__Carnobacteriaceae; g__Trichococcus
0.40979283586074766,k__Bacteria; p__Firmicutes; c__Bacilli; o__Lactobacillales; f__Lactobacillaceae
0.40979283586074766,k__Bacteria; p__Firmicutes; c__Clostridia; o__Clostridiales; f__Christensenellaceae
0.40979283586074766,k__Bacteria; p__Firmicutes; c__Clostridia; o__Clostridiales; f__Clostridiaceae; g__02d06
0.40979283586074766,k__Bacteria; p__Firmicutes; c__Clostridia; o__Clostridiales; f__Lachnospiraceae; g__Butyrivibrio
0.40979283586074766,k__Bacteria; p__Firmicutes; c__Clostridia; o__Clostridiales; f__Lachnospiraceae; g__Oribacterium
0.40979283586074766,k__Bacteria; p__Firmicutes; c__Clostridia; o__Clostridiales; f__Ruminococcaceae; g__Clostridium
0.40979283586074766,k__Bacteria; p__Firmicutes; c__Clostridia; o__Clostridiales; f__Ruminococcaceae; g__Ethanoligenens
0.40979283586074766,k__Bacteria; p__Firmicutes; c__Clostridia; o__Clostridiales; f__Ruminococcaceae; g__Gemmiger
0.40979283586074766,k__Bacteria; p__Firmicutes; c__Clostridia; o__Clostridiales; f__Ruminococcaceae; g__Sporobacter
0.40979283586074766,k__Bacteria; p__Firmicutes; c__Clostridia; o__Clostridiales; f__Veillonellaceae
0.40979283586074766,k__Bacteria; p__Firmicutes; c__Clostridia; o__Clostridiales; f__[Acidaminobacteraceae]; g__
0.40979283586074766,k__Bacteria; p__Firmicutes; c__Clostridia; o__Clostridiales; f__[Tissierellaceae]; g__
0.40979283586074766,k__Bacteria; p__Firmicutes; c__Erysipelotrichi; o__Erysipelotrichales; f__Erysipelotrichaceae; g__Clostridium
0.40979283586074766,k__Bacteria; p__Fusobacteria; c__Fusobacteriia; o__Fusobacteriales; f__Leptotrichiaceae; g__Sneathia
0.40979283586074766,k__Bacteria; p__Lentisphaerae; c__[Lentisphaeria]; o__Victivallales; f__Victivallaceae; g__Victivallis
0.40979283586074766,k__Bacteria; p__Proteobacteria
0.40979283586074766,k__Bacteria; p__Proteobacteria; c__Alphaproteobacteria; o__BD7-3; f__; g__
0.40979283586074766,k__Bacteria; p__Proteobacteria; c__Alphaproteobacteria; o__Caulobacterales; f__Caulobacteraceae; g__
0.40979283586074766,k__Bacteria; p__Proteobacteria; c__Alphaproteobacteria; o__Caulobacterales; f__Caulobacteraceae; g__Brevundimonas
0.40979283586074766,k__Bacteria; p__Proteobacteria; c__Alphaproteobacteria; o__Caulobacterales; f__Caulobacteraceae; g__Mycoplana
0.40979283586074766,k__Bacteria; p__Proteobacteria; c__Alphaproteobacteria; o__Rhizobiales
0.40979283586074766,k__Bacteria; p__Proteobacteria; c__Alphaproteobacteria; o__Rhizobiales; f__; g__
0.40979283586074766,k__Bacteria; p__Proteobacteria; c__Alphaproteobacteria; o__Rhizobiales; f__Bradyrhizobiaceae; g__Balneimonas
0.40979283586074766,k__Bacteria; p__Proteobacteria; c__Alphaproteobacteria; o__Rhizobiales; f__Brucellaceae
0.40979283586074766,k__Bacteria; p__Proteobacteria; c__Alphaproteobacteria; o__Rhizobiales; f__Hyphomicrobiaceae; g__
0.40979283586074766,k__Bacteria; p__Proteobacteria; c__Alphaproteobacteria; o__Rhizobiales; f__Rhizobiaceae; g__
0.40979283586074766,k__Bacteria; p__Proteobacteria; c__Alphaproteobacteria; o__Rhizobiales; f__Rhizobiaceae; g__Agrobacterium
0.40979283586074766,k__Bacteria; p__Proteobacteria; c__Alphaproteobacteria; o__Rhizobiales; f__Rhizobiaceae; g__Rhizobium
0.40979283586074766,k__Bacteria; p__Proteobacteria; c__Alphaproteobacteria; o__Rhizobiales; f__Rhizobiaceae; g__Shinella
0.40979283586074766,k__Bacteria; p__Proteobacteria; c__Alphaproteobacteria; o__Rhodobacterales; f__Rhodobacteraceae; g__Amaricoccus
0.40979283586074766,k__Bacteria; p__Proteobacteria; c__Alphaproteobacteria; o__Rhodobacterales; f__Rhodobacteraceae; g__Rhodobacter
0.40979283586074766,k__Bacteria; p__Proteobacteria; c__Alphaproteobacteria; o__Rhodospirillales; f__Acetobacteraceae; g__
0.40979283586074766,k__Bacteria; p__Proteobacteria; c__Alphaproteobacteria; o__Rhodospirillales; f__Acetobacteraceae; g__Gluconobacter
0.40979283586074766,k__Bacteria; p__Proteobacteria; c__Alphaproteobacteria; o__Rickettsiales; f__Rickettsiaceae; g__Wolbachia
0.40979283586074766,k__Bacteria; p__Proteobacteria; c__Alphaproteobacteria; o__Sphingomonadales; f__; g__
0.40979283586074766,k__Bacteria; p__Proteobacteria; c__Alphaproteobacteria; o__Sphingomonadales; f__Sphingomonadaceae
0.40979283586074766,k__Bacteria; p__Proteobacteria; c__Alphaproteobacteria; o__Sphingomonadales; f__Sphingomonadaceae; g__
0.40979283586074766,k__Bacteria; p__Proteobacteria; c__Alphaproteobacteria; o__Sphingomonadales; f__Sphingomonadaceae; g__Novosphingobium
0.40979283586074766,k__Bacteria; p__Proteobacteria; c__Alphaproteobacteria; o__Sphingomonadales; f__Sphingomonadaceae; g__Sphingobium
0.40979283586074766,k__Bacteria; p__Proteobacteria; c__Alphaproteobacteria; o__Sphingomonadales; f__Sphingomonadaceae; g__Sphingopyxis
0.40979283586074766,k__Bacteria; p__Proteobacteria; c__Betaproteobacteria; o__Burkholderiales; f__Alcaligenaceae; g__
0.40979283586074766,k__Bacteria; p__Proteobacteria; c__Betaproteobacteria; o__Burkholderiales; f__Alcaligenaceae; g__Alcaligenes
0.40979283586074766,k__Bacteria; p__Proteobacteria; c__Betaproteobacteria; o__Burkholderiales; f__Burkholderiaceae
0.40979283586074766,k__Bacteria; p__Proteobacteria; c__Betaproteobacteria; o__Burkholderiales; f__Comamonadaceae
0.40979283586074766,k__Bacteria; p__Proteobacteria; c__Betaproteobacteria; o__Burkholderiales; f__Oxalobacteraceae; g__Cupriavidus
0.40979283586074766,k__Bacteria; p__Proteobacteria; c__Betaproteobacteria; o__Burkholderiales; f__Oxalobacteraceae; g__Janthinobacterium
0.40979283586074766,k__Bacteria; p__Proteobacteria; c__Betaproteobacteria; o__Rhodocyclales; f__Rhodocyclaceae; g__Dok59
0.40979283586074766,k__Bacteria; p__Proteobacteria; c__Betaproteobacteria; o__Rhodocyclales; f__Rhodocyclaceae; g__Thauera
0.40979283586074766,k__Bacteria; p__Proteobacteria; c__Epsilonproteobacteria; o__Campylobacterales; f__Helicobacteraceae; g__Flexispira
0.40979283586074766,k__Bacteria; p__Proteobacteria; c__Gammaproteobacteria; o__Aeromonadales; f__Succinivibrionaceae
0.40979283586074766,k__Bacteria; p__Proteobacteria; c__Gammaproteobacteria; o__Aeromonadales; f__Succinivibrionaceae; g__
0.40979283586074766,k__Bacteria; p__Proteobacteria; c__Gammaproteobacteria; o__Enterobacteriales; f__Enterobacteriaceae; g__Erwinia
0.40979283586074766,k__Bacteria; p__Proteobacteria; c__Gammaproteobacteria; o__Enterobacteriales; f__Enterobacteriaceae; g__Plesiomonas
0.40979283586074766,k__Bacteria; p__Proteobacteria; c__Gammaproteobacteria; o__Enterobacteriales; f__Enterobacteriaceae; g__Providencia
0.40979283586074766,k__Bacteria; p__Proteobacteria; c__Gammaproteobacteria; o__Enterobacteriales; f__Enterobacteriaceae; g__Sodalis
0.40979283586074766,k__Bacteria; p__Proteobacteria; c__Gammaproteobacteria; o__Enterobacteriales; f__Enterobacteriaceae; g__Trabulsiella
0.40979283586074766,k__Bacteria; p__Proteobacteria; c__Gammaproteobacteria; o__Pseudomonadales; f__Moraxellaceae; g__Enhydrobacter
0.40979283586074766,k__Bacteria; p__Proteobacteria; c__Gammaproteobacteria; o__Pseudomonadales; f__Pseudomonadaceae
0.40979283586074766,k__Bacteria; p__Proteobacteria; c__Gammaproteobacteria; o__Pseudomonadales; f__Pseudomonadaceae; g__Pseudomonas
0.40979283586074766,k__Bacteria; p__Proteobacteria; c__Gammaproteobacteria; o__Xanthomonadales; f__Xanthomonadaceae; g__Pseudoxanthomonas
0.40979283586074766,k__Bacteria; p__Proteobacteria; c__Gammaproteobacteria; o__Xanthomonadales; f__Xanthomonadaceae; g__Stenotrophomonas
0.40979283586074766,k__Bacteria; p__SR1; c__; o__; f__; g__
0.40979283586074766,k__Bacteria; p__TM7; c__TM7-3; o__CW040; f__F16; g__
0.40979283586074766,k__Bacteria; p__Tenericutes; c__Mollicutes; o__Mycoplasmatales; f__Mycoplasmataceae; g__Mycoplasma
0.40979283586074766,k__Bacteria; p__Verrucomicrobia; c__Verrucomicrobiae; o__Verrucomicrobiales; f__Verrucomicrobiaceae; g__Prosthecobacter
0.40979283586074766,k__Bacteria; p__WPS-2; c__; o__; f__; g__
0.40990152549730574,k__Bacteria; p__Proteobacteria; c__Gammaproteobacteria; o__Enterobacteriales; f__Enterobacteriaceae; g__Proteus
0.40995537173927027,k__Bacteria; p__Firmicutes; c__Clostridia; o__Clostridiales; f__Lachnospiraceae; g__Catonella
0.41022211006752063,k__Bacteria; p__Proteobacteria; c__Gammaproteobacteria; o__Pasteurellales; f__Pasteurellaceae
0.4104699024958205,k__Bacteria; p__Proteobacteria; c__Betaproteobacteria; o__Neisseriales; f__Neisseriaceae
0.4110517410548264,k__Bacteria; p__Firmicutes; c__Bacilli; o__Bacillales; f__Staphylococcaceae; g__Jeotgalicoccus
0.4113743199302993,k__Bacteria; p__Tenericutes; c__Mollicutes; o__Anaeroplasmatales; f__Anaeroplasmataceae; g__Anaeroplasma
0.41138229715133107,k__Bacteria; p__Proteobacteria; c__Alphaproteobacteria; o__Rhizobiales; f__Hyphomicrobiaceae; g__Devosia
0.41138229715133107,k__Bacteria; p__Tenericutes; c__Mollicutes; o__Anaeroplasmatales; f__Anaeroplasmataceae; g__
0.41158621486395613,k__Bacteria; p__Proteobacteria; c__Alphaproteobacteria; o__Rhizobiales; f__Brucellaceae; g__Ochrobactrum
0.41158621486395613,k__Bacteria; p__Proteobacteria; c__Betaproteobacteria; o__Burkholderiales; f__Alcaligenaceae; g__Achromobacter
0.41158621486395613,k__Bacteria; p__Proteobacteria; c__Betaproteobacteria; o__Burkholderiales; f__Comamonadaceae; g__Delftia
0.4125135668089012,k__Bacteria; p__Firmicutes; c__Clostridia; o__Clostridiales; f__Peptococcaceae; g__Peptococcus
0.4126317293954346,k__Bacteria; p__Lentisphaerae; c__[Lentisphaeria]; o__Victivallales; f__Victivallaceae; g__
0.41264568953224023,k__Bacteria; p__Firmicutes; c__Clostridia; o__Clostridiales; f__Peptostreptococcaceae
0.4128805189763634,k__Bacteria; p__Proteobacteria; c__Epsilonproteobacteria; o__Campylobacterales; f__Campylobacteraceae; g__Campylobacter
0.41446449592748746,k__Bacteria; p__Firmicutes; c__Bacilli; o__Bacillales; f__Staphylococcaceae; g__Staphylococcus
0.4145612197324979,k__Bacteria; p__Actinobacteria; c__Actinobacteria; o__Actinomycetales; f__Nocardiaceae; g__Rhodococcus
0.41533800163046813,k__Bacteria; p__Firmicutes; c__Clostridia; o__Clostridiales; f__[Tissierellaceae]; g__Finegoldia
0.4161147835284383,k__Bacteria; p__Bacteroidetes; c__Bacteroidia; o__Bacteroidales; f__Prevotellaceae
0.4161147835284383,k__Bacteria; p__[Thermi]; c__Deinococci; o__Deinococcales; f__Deinococcaceae; g__R18-435
0.41622447031762533,k__Bacteria; p__Firmicutes; c__Clostridia; o__Clostridiales; f__Peptostreptococcaceae; g__[Clostridium]
0.41661186411398143,k__Bacteria; p__Firmicutes; c__Clostridia; o__Clostridiales; f__[Tissierellaceae]; g__Peptoniphilus
0.41719719270718875,k__Bacteria; p__[Thermi]; c__Deinococci; o__Thermales; f__Thermaceae; g__Thermus
0.4175407117878701,k__Bacteria; p__Firmicutes; c__Clostridia; o__Clostridiales; f__Lachnospiraceae; g__Moryella
0.41783586896604613,k__Bacteria; p__Actinobacteria
0.41792511412633926,k__Bacteria; p__Chloroflexi; c__Anaerolineae; o__SBR1031; f__A4b; g__
0.41792511412633926,k__Bacteria; p__Proteobacteria; c__Alphaproteobacteria; o__Rhizobiales; f__Phyllobacteriaceae; g__
0.41792511412633926,k__Bacteria; p__Proteobacteria; c__Betaproteobacteria; o__Burkholderiales; f__Comamonadaceae; g__Methylibium
0.41792511412633926,k__Bacteria; p__Proteobacteria; c__Deltaproteobacteria; o__Myxococcales; f__; g__
0.41871685331374403,k__Bacteria; p__Bacteroidetes; c__Flavobacteriia; o__Flavobacteriales; f__[Weeksellaceae]; g__
0.41871685331374403,k__Bacteria; p__Proteobacteria; c__Betaproteobacteria; o__Burkholderiales; f__Burkholderiaceae; g__Lautropia
0.4202594484307657,k__Bacteria; p__Firmicutes; c__Bacilli; o__Lactobacillales; f__Leuconostocaceae; g__Weissella
0.4202594484307657,k__Bacteria; p__Proteobacteria; c__Gammaproteobacteria; o__Enterobacteriales; f__Enterobacteriaceae; g__Yersinia
0.4250791856629081,k__Bacteria; p__Firmicutes; c__Bacilli; o__Lactobacillales
0.42521080980993253,k__Bacteria; p__Firmicutes; c__Bacilli; o__Lactobacillales; f__Aerococcaceae; g__Abiotrophia
0.4252816076465896,k__Bacteria; p__Firmicutes; c__Bacilli; o__Bacillales; f__Bacillaceae
0.44645813802809525,k__Bacteria; p__Firmicutes; c__Clostridia; o__Clostridiales; f__Peptostreptococcaceae; g__Peptostreptococcus
