-0.7371541501976284,k__Bacteria; p__Bacteroidetes; c__Bacteroidia; o__Bacteroidales; f__Prevotellaceae
-0.5889328063241107,k__Bacteria; p__Bacteroidetes; c__Bacteroidia; o__Bacteroidales; f__S24-7
-0.5395256916996047,k__Bacteria; p__Tenericutes; c__Mollicutes; o__RF39; f__
0.47332015810276684,k__Bacteria; p__Firmicutes; c__Clostridia; o__Clostridiales; f__Clostridiaceae
0.5899209486166007,k__Bacteria; p__Bacteroidetes; c__Bacteroidia; o__Bacteroidales; f__Bacteroidaceae
0.6096837944664032,k__Bacteria; p__Firmicutes; c__Bacilli; o__Turicibacterales; f__Turicibacteraceae
0.6877470355731226,k__Bacteria; p__Firmicutes; c__Clostridia; o__Clostridiales; f__Peptostreptococcaceae
