-0.535705477189401,k__Bacteria; p__Tenericutes; c__Mollicutes; o__Anaeroplasmatales; f__Anaeroplasmataceae
0.45762294453633334,k__Bacteria; p__Firmicutes; c__Clostridia; o__Clostridiales; f__Peptostreptococcaceae
0.4867803459700738,k__Bacteria; p__Bacteroidetes
0.5159377474038143,k__Bacteria; p__; c__; o__; f__
0.5500370812839515,k__Bacteria; p__Firmicutes; c__Clostridia; o__SHA-98; f__
0.5530022407517895,k__Archaea; p__Euryarchaeota; c__Methanobacteria; o__Methanobacteriales; f__Methanobacteriaceae
0.5530022407517895,k__Bacteria; p__Actinobacteria; c__Actinobacteria; o__Actinomycetales; f__Kineosporiaceae
0.5530022407517895,k__Bacteria; p__Firmicutes
0.5530022407517895,k__Bacteria; p__Proteobacteria; c__Alphaproteobacteria; o__; f__
0.5530022407517895,k__Bacteria; p__Proteobacteria; c__Alphaproteobacteria; o__Rhizobiales; f__Rhizobiaceae
0.5530022407517895,k__Bacteria; p__Proteobacteria; c__Alphaproteobacteria; o__Sphingomonadales; f__Sphingomonadaceae
0.5530022407517895,k__Bacteria; p__Proteobacteria; c__Epsilonproteobacteria; o__Campylobacterales; f__Campylobacteraceae
0.5530022407517895,k__Bacteria; p__Proteobacteria; c__Gammaproteobacteria; o__Pseudomonadales; f__Moraxellaceae
0.5530022407517895,k__Bacteria; p__Proteobacteria; c__Gammaproteobacteria; o__Pseudomonadales; f__Pseudomonadaceae
0.5530022407517895,k__Bacteria; p__Synergistetes; c__Synergistia; o__Synergistales; f__Dethiosulfovibrionaceae
0.5589325596874655,k__Bacteria; p__Firmicutes; c__Bacilli; o__Gemellales; f__Gemellaceae
0.6014331787264771,k__Bacteria; p__Bacteroidetes; c__Bacteroidia; o__Bacteroidales; f__Porphyromonadaceae
0.667160880263553,k__Bacteria; p__Bacteroidetes; c__Bacteroidia; o__Bacteroidales; f__Bacteroidaceae
0.7037311803668885,k__Bacteria; p__Bacteroidetes; c__Bacteroidia; o__Bacteroidales
